1874,SPADINA AND QUEEN,805,Overhead - Pantograph
1875,Queen and Roncesvalles,501,Held By
1876,College and Beverley,506,Held By
1877,Main station,506,Mechanical
1878,Distaliry Loop,504,Mechanical
1879,Bathurst Station,511,Investigation
1880,Brant/ King,504,Investigation
1881,King/Brant,504,Emergency Services
1882,Dundas and Huron,505,Investigation
1883,St clair stn,705,Mechanical
1884,Parliament and Dundas,505,Emergency Services
1885,CONNAUGHT AND QUEEN,501,Mechanical
1886,Spadina at Front,511,Mechanical
1887,Gerrard  Jones,506,Diversion
1888,College and University,506,Emergency Services
1889,CNE,509,Mechanical
1890,Gerrard and Coxwell,506,Emergency Services
1891,Queen/Carlaw,501,Investigation
1892,Queen/Woodfield,501,Investigation
1893,Queen and Glen Holm,501,Held By
1894,Queen and Sumach,501,Held By
1895,Queen and Kingston Rd,501,Emergency Services
1896,Queen and Sumach,501,Held By
1897,Connaught and Queen,301,Mechanical
1898,Spadina and Front,510,Held By
1899,Roncesvalles and Garden,504,Emergency Services
1900,Dundas West Station,505,Overhead - Pantograph
1901,Broadview and Queen,501,Diversion
1902,Main Station,506,Mechanical
1903,Neville Loop,501,Mechanical
1904,Humber Loop,501,Mechanical
1905,Queen/Jarvis,501,Held By
1906,Queen/King,501,Investigation
1907,Queen/Sumach,501,Held By
1908,King/Sumach,504,Mechanical
1909,CNE,511,Mechanical
1910,Main STN,506,Mechanical
1911,Spadina and Queen's Quay,510,Diversion
1912,HIPK,506,Mechanical
1913,King and Simcoe,504,Held By
1914,Spadina and King,504,Investigation
1915,Exhibition Loop,511,Mechanical
1916,Queen St E and Sumach Ave,501,Emergency Services
1917,Queen St E and Connaught,501,Mechanical
1918,Braodview Danforth,505,Mechanical
1919,CNE,511,Mechanical
1920,Queen/Gladstone,501,Mechanical
1921,Spadina,510,Emergency Services
1922,Dundas and Parliament,505,Mechanical
1923,Parliament and Dundas,505,Mechanical
1924,College and Dufferin,506,Held By
1925,Bathurst Stn,511,Utilized Off Route
1926,Dufferin Loop,504,Mechanical
1927,Dudnas and Yonge,505,Held By
1928,Dundas and Yonge,505,Held By
1929,Lakeshore/Parklawn,501,Mechanical
1930,Queen/Connaught,501,Late Leaving Garage
1931,Humber loop,501,Mechanical
1932,Broadview Station,505,Mechanical
1933,Exhibition Loop,511,Mechanical
1934,College and Landsdowne,506,Mechanical
1935,LANSDOWNE AND ST.CLAIR,512,Mechanical
1936,CONNAUGHT AND QUEEN,501,Mechanical
1937,Leslie and Eastern,505,Investigation
1938,QUEEN AND SHERBOURNE,301,Investigation
1939,LONG BRANCH LOOP,301,Mechanical
1940,HUMBER LOOP,301,Mechanical
1941,Queern and Broadview,504,Held By
1942,Leslie Barns,509,Late Leaving Garage
1943,Exhibition Loop,511,Mechanical
1944,Bathurst Stn,511,Utilized Off Route
1945,Exhibition Loop,511,Utilized Off Route
1946,Humber Loop,501,Utilized Off Route
1947,Humber Loop,501,Utilized Off Route
1948,Dundas and Yonge,505,Held By
1949,Bathurst and Dundas,511,Diversion
1950,College and Major,506,Held By
1951,King / River,501,Investigation
1952,Bathurst STN,511,Utilized Off Route
1953,Humber Loop,501,Utilized Off Route
1954,Dundas and Dufferin,505,Held By
1955,Union STN,510,Mechanical
1956,Gunns Loop,512,Investigation
1957,Dundas and Bay,505,Held By
1958,Leslie and Queen Street,504,Mechanical
1959,Bathurst Station,511,Emergency Services
1960,Dundas W Station,505,Mechanical
1961,Dundas and Jarvis,505,Mechanical
1962,DUNDAS WEST STATION,306,Investigation
1963,LONG BRANCH LOOP,501,Investigation
1964,Humber Loop,501,Mechanical
1965,Broadview Station,505,Emergency Services
1966,Distillary Loop,504,Mechanical
1967,Bathurst STN,511,Utilized Off Route
1968,Dundas West Staion,504,Mechanical
1969,st.clair and yonge,512,Mechanical
1970,CNE Loop,509,Mechanical
1971,Gunns Loop,512,Mechanical
1972,Queen Shaw,501,Emergency Services
1973,SPADINA AND QUEENS QUAY,510,Investigation
1974,Front/Portland,511,Mechanical
1975,ST.CLAIR AND DUFFERIN,512,Mechanical
1976,spadina station,310,Investigation
1977,Exhibition Loop,511,Mechanical
1978,Distrillery Loop,504,Mechanical
1979,Main Station,506,Mechanical
1980,King and Bathurst,511,Investigation
1981,Dundas West STN,505,Mechanical
1982,St. Clair and Lansdowne,512,Mechanical
1983,King/Wilson park rd,504,General Delay
1984,King/Parliament,504,Investigation
1985,EXHIBITION LOOP,509,Mechanical
1986,KING AND UNIVERSITY,504,Mechanical
1987,SPADINA AND KING,510,Utilized Off Route
1988,Leslie Barns,512,Late Leaving Garage
1989,Leslie Barns,505,Late Leaving Garage
1990,Leslie Barns,506,Late Leaving Garage
1991,Leslie Barns,512,Late Leaving Garage
1992,Leslie Barns,505,Late Leaving Garage
1993,Leslie Barns,509,Late Leaving Garage
1994,Leslie Barns,506,Late Leaving Garage
1995,Leslie Barns,512,Late Leaving Garage
1996,Leslie Barns,505,Late Leaving Garage
1997,Upper Gerard and Coxwell,506,Investigation
1998,Gerrard Parliament,506,Mechanical
1999,Dufferin and College,506,Mechanical
2000,Coxwell and Gerrard,506,Mechanical
2001,College and Spadina,506,Mechanical
2002,Roncesvalles/Constance,504,Emergency Services
2003,Broadview/Gerrard,705,General Delay
2004,Broadview south of Gerrard,505,Diversion
2005,Long Branch,501,Mechanical
2006,Queen and Parliament,501,Mechanical
2007,Union Station,509,Mechanical
2008,Bathurst and Dundas,511,Investigation
2009,Lakeshore and Brooker's Lane,301,Emergency Services
2010,Bathurst Station,511,Mechanical
2011,Niagara and Queen,501,Mechanical
2012,Roncesvalles & Fermanagh,504,Investigation
2013,Spadina and Front,511,Mechanical
2014,Bathurst and Robinson,511,Emergency Services
2015,Upper Gerrard and Glenmount,506,Held By
2016,King and Joe Shuster,504,Investigation
2017,Upper Gerrard and Glenmount,306,Investigation
2018,Queen and Greenwood Ave,501,Diversion
2019,Dundas Denision,505,Investigation
2020,Dundas West Station,504,Mechanical
2021,Dufferin Loop,504,Investigation
2022,Main Station,506,Mechanical
2023,Roncy and Howard park,504,Investigation
2024,Dundas West Station,504,Mechanical
2025,Spadina and Queens Quay,509,Mechanical
2026,Dundas Parliament,505,Overhead - Pantograph
2027,Dufferin Loop,504,Mechanical
2028,King and Bathurst,511,Emergency Services
2029,The Queensway and Sunnyside Ave,501,Emergency Services
2030,Lansdowne  Dundas,505,Investigation
2031,Gerrard Parliament,506,Overhead - Pantograph
2032,Coxwell and Gerrard,506,Mechanical
2033,Broadview station,504,Investigation
2034,Queen and Shaw,501,Mechanical
2035,Union Station,509,Mechanical
2036,Spadina and Queen,510,Investigation
2037,Lakeshore and Parklawn,501,Emergency Services
2038,QUEEN AND AUGUSTA,501,Investigation
2039,Main Station,306,Investigation
2040,Dundas West Station,505,Emergency Services
2041,CNE Loop,509,Mechanical
2042,Neville Loop,501,Mechanical
2043,Gerrard and Pape,506,Held By
2044,King and Church St.,504,Investigation
2045,LAKESHORE AND TWENTY SEVENTH STREET,501,Held By
2046,Main Station,506,Emergency Services
2047,GUNNS LOOP,512,Mechanical
2048,Bathurst Station,511,Mechanical
2049,LONG BRANCH LOOP,501,Investigation
2050,Spadina and King,510,General Delay
2051,King and Portland,504,Held By
2052,Parliament and Dundas Street,504,General Delay
2053,Queen & Sherbourne,501,Held By
2054,St Clair & Bathurst,512,Investigation
2055,Dundas and Broadview,505,Held By
2056,Dundas and Broadview,504,Diversion
2057,Dundas & Broadview,501,Investigation
2058,Queen and Rpncesvalles,504,Late Leaving Garage
2059,Dundas and Dovercourt,505,Held By
2060,Humber Loop,501,Utilized Off Route
2061,Queen and Shaw,501,Emergency Services
2062,Parliament and Dundas,501,General Delay
2063,King and University Avenue,504,Mechanical
2064,Broadview and Gerrard,505,Diversion
2065,Broadview Avenue and Gerrard Street,504,Held By
2066,Humber Loop,501,Utilized Off Route
2067,Humber Loop,501,Utilized Off Route
2068,HUMBER LOOP,501,Mechanical
2069,Dundas West Station,504,Mechanical
2070,Bathurst and Fleet,509,Held By
2071,St Clair Stn,512,Held By
2072,Queens Quay & Dan Leckie,509,Mechanical
2073,Leslie Barns,509,Late Leaving Garage
2074,Queen and Woodfield,501,Mechanical
2075,Gunns loop,512,Emergency Services
2076,Gerrard and Prust,506,Mechanical
2077,Exhibition Loop,511,Mechanical
2078,SPADINA STATION,510,Mechanical
2079,Queensway and Sunnyside,501,Held By
2080,Dundas and University,505,Mechanical
2081,Howard Park Sunnyside Avenue,506,Held By
2082,Bathurst Station,511,Mechanical
2083,Bathurst Statoin,511,Mechanical
2084,Coxwell Gerrard,506,Mechanical
2085,Longbranch Loop,501,Mechanical
2086,Bathurst and Harbord,511,Mechanical
2087,King and Spadina,504,Mechanical
2088,Queen/Church,501,Held By
2089,Spadina and Fort York Blvd,511,Mechanical
2090,EXHIBITION WEST LOOP,504,Mechanical
2091,Dundas and Parliament,505,Diversion
2092,Dundas and Bay,505,Diversion
2093,WILSON PARK DRIVE AND KING,304,Mechanical
2094,Dundas Church St,505,Mechanical
2095,King/Dufferin,504,Investigation
2096,CNE Loop,511,Mechanical
2097,Bathurst and Ulster,511,Mechanical
2098,King and Parliament,510,Investigation
2099,Dufferin and Liberty,504,Held By
2100,Parliament north of Queen,501,Investigation
2101,Queensway and Roncesvalles,501,Held By
2102,Queen/University,501,Mechanical
2103,springhurst loop,504,Mechanical
2104,Ronce and Marion,504,Held By
2105,Dundas West Ossington Ave,505,Overhead - Pantograph
2106,Dundas St West and Sterling,505,Investigation
2107,Spadina and College,510,Held By
2108,Spadina south of College,505,Investigation
2109,Spadina and College,510,Investigation
2110,Dundas/Bloor,504,Mechanical
2111,Humber Loop,501,Investigation
2112,Dundas and Bloor,506,Held By
2113,Dundas and Bloor,505,Held By
2114,Queen and Bellfair,301,Emergency Services
2115,Dundas West Station,306,Investigation
2116,Queen & Jameson,501,Investigation
2117,Roncy and Queen,504,Mechanical
2118,Dundas Parliament,505,Mechanical
2119,Bathurst station,511,Utilized Off Route
2120,Lakeshore/Superior,501,Investigation
2121,Queensway/Glendale,501,Investigation
2122,King/Dowling,504,General Delay
2123,Gerrard and Marjory,506,Investigation
2124,Lakeshore and 5th,501,Held By
2125,Parkside and Jeffrey,506,Mechanical
2126,Dundas and Parliament,501,Investigation
2127,Queen and Wynona,501,Held By
2128,Dundas and Jarvis,505,Held By
2129,Lakeshort and 5th,501,Mechanical
2130,Boradview Ave and Dundas St,301,Held By
2131,Broadview and Dundas,504,Held By
2132,Howard Park and Parkside,506,Investigation
2133,Humber Loop,501,Utilized Off Route
2134,College and Yonge,506,Held By
2135,Bathurst Station,511,Utilized Off Route
2136,Broadview Station,505,Mechanical
2137,Queen and Bathurst,501,Emergency Services
2138,Bathurst Station,511,Mechanical
2139,Bathurst Station,511,Utilized Off Route
2140,St. Clair and Lansdowne Street,512,Emergency Services
2141,Dundas and Bay,505,Held By
2142,Dundas and Bay,505,Held By
2143,Dundas and College,505,Investigation
2144,Broadview and Dundas1,505,Investigation
2145,Neville Loop,501,Mechanical
2146,Queen/Bay,501,Held By
2147,st.clair west station,512,Investigation
2148,Parliament-Dundas,501,Investigation
2149,QUUEN AND PETER,501,Held By
2150,Bathurst and Bloor,511,Investigation
2151,NEVILLE LOOP,501,Mechanical
2152,ST.CLAIR AND BATHURST,512,Investigation
2153,Dundas and Sorauren,506,Investigation
2154,QUEEN AND RONCESSVALLES,501,Mechanical
2155,DUNDAS AND RIVER,501,Investigation
2156,Dundas and River,504,Investigation
2157,QUEEN AND PARLIAMENT,501,Investigation
2158,Parliament and Dundas,504,Emergency Services
2159,Queen & Roncesvalles,501,Mechanical
2160,King and Jefferson,504,General Delay
2161,King and Sumach,504,Utilized Off Route
2162,Dundas and Spadina,510,Emergency Services
2163,Spadina and Queen,510,Diversion
2164,Dundas West Station,504,Mechanical
2165,Roncesvalles and Marion Street,504,Mechanical
2166,parliament and queen,501,Investigation
2167,Church and King Street,504,Held By
2168,Queen and sudbury,501,Mechanical
2169,Bathurst STN,511,Utilized Off Route
2170,CNE Loop,511,Utilized Off Route
2171,Queen and Dovercourt,501,Held By
2172,Sunnyside Loop,511,Held By
2173,PARLIAMENT AND QUEEN,501,Held By
2174,Broadview Station,505,Mechanical
2175,Dundas and Parliament,505,Emergency Services
2176,Dundas West Station,504,Held By
2177,PARLIAMENT AND DUNDAS,501,Emergency Services
2178,QUEEN AND GEORGE,501,Diversion
2179,Queen and Spadina,505,Mechanical
2180,QUEEN AND SPADINA,501,Diversion
2181,Dundas and Landsdowne,505,Diversion
2182,College and Clinton,506,Mechanical
2183,NEVILLE LOOP,501,Mechanical
2184,QUEEN AND JARVIS,501,Investigation
2185,LAKESHORE AND ISLINGTON,501,Mechanical
2186,Broadview/Dundas,505,Investigation
2187,Queen/Leslie,501,Held By
2188,Leslie/Queen,504,General Delay
2189,King/Sumach,310,Investigation
2190,Spadina and queensquay,509,Held By
2191,SCW Stn,512,Investigation
2192,Adelaide and Parliament,504,Mechanical
2193,CNE,509,Investigation
2194,College and Spadina,506,Mechanical
2195,Queen and Greenwood,501,Mechanical
2196,QUEEN AND JOHN,501,Investigation
2197,QUEEN AND PARLIAMENT,501,Mechanical
2198,QUEEN AND JARVIS,501,Mechanical
2199,Spadina and Sussex,510,Investigation
2200,Spadina Station,511,Utilized Off Route
2201,Harbourfront Tunnel Entrance,510,Held By
2202,Queen and Degrassi,504,Overhead - Pantograph
2203,Queen/Empire,505,Held By
2204,Queen & Degrassi,501,Held By
2205,Broadview and Queen,504,Late Leaving Garage
2206,Queen and Degrassi,503,Overhead - Pantograph
2207,Spadina and King,510,Late Leaving Garage
2208,CNE Loop,509,Held By
2209,SPADINA AND QUEENSQUAY,509,Late Leaving Garage
2210,Queen and Degrassi,504,Held By
2211,Broadview and Dundas,505,Held By
2212,Spadina Stn,510,Mechanical
2213,Broadview and Dundas,504,Overhead - Pantograph
2214,Spadina Station,511,Utilized Off Route
2215,Dundas and broadview,505,Overhead - Pantograph
2216,SCW Stn,512,Mechanical
2217,Exhibition,511,Utilized Off Route
2218,Main Station,506,Utilized Off Route
2219,Dundas West Station,504,Investigation
2220,Dundas West Station,506,Utilized Off Route
2221,Roncy and Fermanagh,504,Investigation
2222,Dundas at Broadview,505,Diversion
2223,Broadview and Dundas,504,Diversion
2224,Russell Yard,505,Mechanical
2225,St. Clair West Station,512,Investigation
2226,Spadina Station,511,Investigation
2227,Broadview and Dundas,504,Investigation
2228,Dufferin and Springhurst,504,Emergency Services
2229,BROADVIEW AND QUEEN,501,Mechanical
2230,King and John,504,Held By
2231,Broadview Station,505,Mechanical
2232,King and York,504,Investigation
2233,Exhibition Loop,511,Mechanical
2234,College and Dufferin,506,Held By
2235,Dundas West Station,506,Mechanical
2236,Broadview and Gerrard,505,Mechanical
2237,College and Crawford,506,Investigation
2238,lakeshore and Islingtion,501,Emergency Services
2239,Spadina Station,510,Mechanical
2240,king and yonge,504,Investigation
2241,HORWARD PARK AND DUNDAS,304,Investigation
2242,Leslie Barns,505,Late Leaving Garage
2243,Leslie Barns,503,Late Leaving Garage
2244,Main Station,506,Emergency Services
2245,Exhibition Loop,511,Mechanical
2246,St Clair/Old Weston,512,Investigation
2247,Parliament and Adelaide,504,Held By
2248,Parliament and Adelaide,503,Held By
2249,Spadina and Bloor,511,Investigation
2250,Dundas West Station,506,Utilized Off Route
2251,Spadina Station,511,Utilized Off Route
2252,kipling loop,501,General Delay
2253,Gerrard and Sackville,506,Investigation
2254,Main Station,506,Mechanical
2255,Queensway and Windermere,501,Investigation
2256,Queen and dunn,501,Held By
2257,Queen and Broadview,501,General Delay
2258,parliament and dundas,501,General Delay
2259,Queen and Dovercourt,501,Emergency Services
2260,King & Younge,503,Utilized Off Route
2261,queen and kingston road,503,Utilized Off Route
2262,Queen and Mccaul,501,Mechanical
2263,CNE,511,Mechanical
2264,Spadina Station,511,Mechanical
2265,Broadview and Dundas,509,Mechanical
2266,King and Spadina,504,Investigation
2267,Springhurst Loop,504,Mechanical
2268,Springhurst Loop,504,Utilized Off Route
2269,SCW Stn,512,Investigation
2270,Queen and pape,501,Investigation
2271,Queen and Coxwell,503,Investigation
2272,Bathurst and Dundas,511,Held By
2273,Queen and dufferin,501,Mechanical
2274,Dundas West Station,506,Utilized Off Route
2275,Gunns Loop,512,Held By
2276,Dundas West Station,506,Utilized Off Route
2277,Spadina station,511,Investigation
2278,Main Street Station,506,Mechanical
2279,Queen and Victoria,501,Investigation
2280,St.Clair and Keele,512,Held By
2281,Roncesvalles and Queen,501,Mechanical
2282,Queen and Connaught (Russell Trailer Track),301,Mechanical
2283,Queen/Yonge,301,Emergency Services
2284,Dundas & Broadview,505,Late Leaving Garage
2285,Dundas & Broadview,505,Late Leaving Garage
2286,King & Spadina,510,Mechanical
2287,Bathurst,501,Investigation
2288,King and Church,504,Investigation
2289,Spadina station.,510,Held By
2290,Spadina Station,511,Emergency Services
2291,Broadview Station,504,Mechanical
2292,Queen and Yonge,501,Investigation
2293,Dundas and Premboke,505,Held By
2294,Dundas st E and Sherbourne st,505,Diversion
2295,Dundas and Parliament,505,Overhead - Pantograph
2296,Exhibition Loop,511,Investigation
2297,Dovercourt,505,Emergency Services
2298,Distillery Loop,504,Mechanical
2299,Carlton and Ontario,506,Mechanical
2300,Queen St E and Greenwood Ave,501,Mechanical
2301,King and Strachan,504,Mechanical
2302,QUEEN AND CARLAW,501,Mechanical
2303,Queen and Bathurst,501,Held By
2304,Spadina Station,510,Mechanical
2305,Spadina And King,510,Late Leaving Garage
2306,Queen/Jarvis,501,Mechanical
2307,Queen/Greenwood,501,Mechanical
2308,Charlotte Loop,510,Mechanical
2309,Queen/Greenwood,501,Mechanical
2310,Dundas and Beverley,505,Emergency Services
2311,Broadview Station,505,Mechanical
2312,CNE,509,Mechanical
2313,Bay and Queen,501,Mechanical
2314,Charlotte Loop,510,Mechanical
2315,Broadview and Dundas,505,Investigation
2316,QUEEN AND PARLIAMENT.,501,Mechanical
2317,QUEEN AND JONES,501,Mechanical
2318,ST.CLAIR STATION,512,Emergency Services
2319,NEVILLE LOOP,501,Utilized Off Route
2320,LAKESHORE AND ISLINGTON,501,Mechanical
2321,Bathurst and Niagara,511,Investigation
2322,Dufferin and King,504,Mechanical
2323,Queen & Carlaw,501,Emergency Services
2324,Dundas West Station,506,Investigation
2325,Dufferin and Liberty,504,Held By
2326,Queen and Broadview,501,Held By
2327,Queen and Grant,503,Held By
2328,Bingham Loop,503,Mechanical
2329,ST.CLAIR AND AVENUE,512,Held By
2330,Spadina Station,511,Utilized Off Route
2331,long branch loop,301,Emergency Services
2332,Queen and Broadview,504,Investigation
2333,Exhibition Loop,511,Investigation
2334,Queen Quay and York,509,Held By
2335,Queens Quay/York st,510,Investigation
2336,Dundas and Roncesvalles,506,Investigation
2337,Neville Loop,501,Emergency Services
2338,Long branch loop,501,Emergency Services
2339,Dundas West Station,506,Mechanical
2340,Spadina and Front,511,Diversion
2341,Queen and Sackville,501,Held By
2342,CNE,511,Investigation
2343,Spadina Station,510,Mechanical
2344,Gerrard at Sumach,506,Investigation
2345,Dundas at Lansdowne,505,Mechanical
2346,QUEEN AND COXWELL,301,Held By
2347,Bathurst Street and Robinson St.,511,Investigation
2348,Fleet Street and Fort York Street,511,Mechanical
2349,Spadina and Dundas Street,510,Mechanical
2350,King/Peter,504,General Delay
2351,Queen/Parliament,501,Mechanical
2352,Braodview Station,505,Mechanical
2353,Coxwell Gerrard,506,Investigation
2354,Parliament Gerrard,506,Mechanical
2355,Main Station,506,Mechanical
2356,Spadina and Queensquay,510,Investigation
2357,Dundas and Sherborne,505,Held By
2358,Neville Loop,501,Emergency Services
2359,St Clair Stn,512,Emergency Services
2360,College and Lansdown,506,Mechanical
2361,Queen & Wineva,501,Mechanical
2362,Charolette Loop,705,Emergency Services
2363,Dufferin and King,504,Held By
2364,Spadina and Harbord,510,Mechanical
2365,Roncy & Queen,504,Mechanical
2366,Oakwood Loop,512,Mechanical
2367,Bathurst and Harbord,511,Investigation
2368,Longbranch Loop,301,Investigation
2369,DUNDAS WEST STATION,304,Investigation
2370,Dundas Street West Beverley,505,Mechanical
2371,Dundas and Yonge,505,Mechanical
2372,Humber Loop,501,Mechanical
2373,Bloor and Roncesvalles,505,Held By
2374,Bloor and Dundas,504,Held By
2375,Bathurst Station,511,Utilized Off Route
2376,Bathurst Station,511,Utilized Off Route
2377,Bathurst Station,511,Utilized Off Route
2378,College and Yonge,506,Held By
2379,Ellis Avenue and Queensway,501,Mechanical
2380,Russel Hill and St. Clair,512,Mechanical
2381,Spadina and Dan Lackie Way,510,Investigation
2382,Sunnyside Loop,501,Investigation
2383,Dundas West Station,306,Investigation
2384,DUNDAS WEST STATION,304,Mechanical
2385,Queensquay W and Spadina Rd,509,Investigation
2386,Bathurst and Fleet,509,Mechanical
2387,Dundas Church,505,Overhead - Pantograph
2388,Dundas College,505,Mechanical
2389,Carlaw and Queen,501,Investigation
2390,High park Loop,506,Mechanical
2391,Dundas and Sumach,505,Mechanical
2392,CNE Loop,509,Investigation
2393,Greenwood and Queen,501,Investigation
2394,CNE Loop,509,Investigation
2395,Queen & University,501,Investigation
2396,Broadview STN,505,Mechanical
2397,Queen and Parliament,506,Mechanical
2398,Main STN,506,Mechanical
2399,Main Station,306,Mechanical
2400,Neville Loop,301,Investigation
2401,Neville Loop,501,Held By
2402,Broadview/Dundas,505,Investigation
2403,Queen/Broadview,504,Investigation
2404,Exibition Loop,511,Utilized Off Route
2405,Exibition loop,511,Utilized Off Route
2406,St Clair/Bathurst,501,Mechanical
2407,Distillery loop,504,Investigation
2408,Dundas and Broadview,505,Mechanical
2409,Exibition Loop,511,Mechanical
2410,Carlton and Jarvis,506,Mechanical
2411,Dundas and McCaul,505,Mechanical
2412,King and Shaw,504,Mechanical
2413,Queen & Parliament,501,Mechanical
2414,Carlton and Yonge,506,Investigation
2415,Dundas and Roncesvalles,505,Emergency Services
2416,Dundas W. Station,505,Mechanical
2417,Bathurst Station,511,Mechanical
2418,Dundas and Landsdowne,505,Mechanical
2419,Spadina and College,506,Mechanical
2420,Spadina and Front,510,Investigation
2421,Humber loop,501,Mechanical
2422,Humber Loop,501,Mechanical
2423,King/Peter,504,Held By
2424,Spadina and Queensquay,510,Mechanical
2425,Broadview and Gerrard,505,Overhead - Pantograph
2426,Neville Loop,501,Mechanical
2427,Queen & Coxwell,501,Mechanical
2428,King and Spadina,504,Investigation
2429,Queen & Gladstone,501,Held By
2430,High Park Loop,506,Mechanical
2431,Spadina and Spadina Circle,705,Investigation
2432,Bathurst and King,511,Mechanical
2433,CNE Loop,511,Mechanical
2434,Queen and Ossington,504,Held By
2435,Queen and Ossington,501,Investigation
2436,Queen and Neville Loop,501,Investigation
2437,Lakeshore west and Mimico,301,Investigation
2438,Broadview and Gerrard,306,Investigation
2439,Dundas West Station,505,Investigation
2440,ST Clair Stn,512,Investigation
2441,Queen/Greenwood,501,Mechanical
2442,Broadview station,504,Mechanical
2443,Dundas and Broadview,505,Mechanical
2444,Spadina and Colllege Street,510,Investigation
2445,St Clair/Oakwood,512,Investigation
2446,Queen & Wineva,501,Held By
2447,CNE LOOP,511,Mechanical
2448,Queen & Coxwell.,501,Mechanical
2449,College and Dovercourt,506,Held By
2450,Bathurst Station,511,Utilized Off Route
2451,Dundas and Chestnut,505,Mechanical
2452,Neville Loop,501,Mechanical
2453,Queen and Roncy,501,Mechanical
2454,Parliament and Shuter,506,Emergency Services
2455,Spadina and Queen's Quay,510,Utilized Off Route
2456,Dundas and Broadview,505,Mechanical
2457,Lakeshore West and Mimico,301,Investigation
2458,Queen/Connaught,501,Mechanical
2459,Fleet Street and Strachan Avenue,511,Investigation
2460,Fleet Street and Strachan Avenue,8,Held By
2461,Broadview Station,505,Late Leaving Garage
2462,Dundas and Lansdowne,505,Mechanical
2463,Spadina and Queensquay,510,Mechanical
2464,Queen/Jarvis,501,Investigation
2465,Bathurst and Fleet Street,509,Mechanical
2466,Queen & Dovercourt,501,Emergency Services
2467,Dundas and Parliament,505,Mechanical
2468,Humber Loop,501,Emergency Services
2469,High Park,506,Mechanical
2470,Broadview Station,505,Mechanical
2471,Queen & Yonge,501,Held By
2472,CNE Loop,511,Utilized Off Route
2473,Distillery Loop,504,Mechanical
2474,Dundas and Broadview,505,Mechanical
2475,Longbranch loop,501,Mechanical
2476,King and Dowling,504,Mechanical
2477,Queen/Roncesvalles,304,Emergency Services
2478,Queen and Connaught,501,Late Leaving Garage
2479,King/Peter,504,Investigation
2480,Queen/Simcoe,501,Mechanical
2481,St clair/Christie,512,Investigation
2482,Neville Loop,501,Mechanical
2483,Humber Loop,501,Mechanical
2484,Humber Loop,501,Mechanical
2485,Braodview Station,505,Mechanical
2486,Dundas Broadview,505,Mechanical
2487,Roncesvalles Yard,504,Late Leaving Garage
2488,Woodbine and,506,Mechanical
2489,Spadina Station,510,Mechanical
2490,Queen and Ossington,501,Mechanical
2491,Neville Park,501,Mechanical
2492,CNE,509,Mechanical
2493,Dundas West STN,505,Mechanical
2494,Humber Loop,501,Investigation
2495,Bathurst Station,511,Mechanical
2496,Broadview STNB,505,Mechanical
2497,Humber Loop,501,Mechanical
2498,St Clair and Lansdowne,512,Mechanical
2499,Dundas and Grace,505,Held By
2500,Exiting Humber Loop,301,Held By
2501,Kingston Rd,501,Mechanical
2502,Roncy and King,504,Mechanical
2503,Humber Loop,501,Mechanical
2504,College Spadina,506,Overhead - Pantograph
2505,King and Yonge,504,Mechanical
2506,Bathurst Station,511,Utilized Off Route
2507,Parklawn and Lakeshore,501,Mechanical
2508,Dundas and Lansdown,505,Emergency Services
2509,CNE Loop,511,Utilized Off Route
2510,CNE Loop,511,Utilized Off Route
2511,Queen and Sherborne,501,Mechanical
2512,Dundas West STN,505,Mechanical
2513,Long Branch Loop,501,Investigation
2514,Dundas and Parliament,505,Emergency Services
2515,W/B trailer Track Russell Yard,301,Investigation
2516,W/B Trailer Track Russell Yard,501,Investigation
2517,Upper Gerrard and Coxwell,506,Held By
2518,Dundas and Sumach,505,Overhead - Pantograph
2519,Dundas and Sackville,505,Investigation
2520,Gerrard and Parliament,506,Mechanical
2521,Gerrard and Parliament,506,Mechanical
2522,Gerrard and Parliament,506,Mechanical
2523,Spadina & Queensquay,510,Mechanical
2524,Bathurst and Front,509,Investigation
2525,Quen and Duffrin,501,Held By
2526,Gerrard and Jones,506,Mechanical
2527,Queen and Duffrin,501,Investigation
2528,Bathurst station,511,Mechanical
2529,Dundas and Spadina,505,Mechanical
2530,Dundas and Gladstone,505,Emergency Services
2531,Bathurst Station,512,Investigation
2532,Roncesvalles and Queen,504,Late Leaving Garage
2533,Neville Loop,501,Mechanical
2534,Long Branch Loop,501,Mechanical
2535,College Crawford,506,Investigation
2536,Queen/Roncesvalles,504,Mechanical
2537,Dundas and Sheridan,505,Investigation
2538,Harborfront Tunnel,509,Mechanical
2539,Spadina STN,510,Utilized Off Route
2540,Broadview STN,505,Mechanical
2541,Dundas West Station,306,Emergency Services
2542,Queen and Woodbine,501,Mechanical
2543,Leslie Barns,506,Late Leaving Garage
2544,Shaw and King,504,Late Leaving Garage
2545,Roncvesalles and King,504,Late Leaving Garage
2546,Spadina & Queensquay,510,Mechanical
2547,Spadina & Queensquay,510,Mechanical
2548,Spadina & Queensquay,510,Mechanical
2549,Spadina & Queensquay,510,Mechanical
2550,Braodview Station,505,Investigation
2551,Spadina & Queensquay,510,Mechanical
2552,EX Loop,511,Mechanical
2553,Spadina & Queensquay,510,Mechanical
2554,Spadina & Queensquay,510,Mechanical
2555,Spdina & Dundas,705,Held By
2556,Spadina & Queensquay,510,Mechanical
2557,Spadina & Bremmner,510,Held By
2558,Dundas West STN,505,Mechanical
2559,Humber Loop,501,Mechanical
2560,Parliament south of Dundas,505,Investigation
2561,St Clair west STN,512,Mechanical
2562,Spadina & College,310,Held By
2563,Charlotte Loop,310,Mechanical
2564,Dundas Parliament,505,Overhead - Pantograph
2565,Kingston Road Loop,501,Mechanical
2566,Spadina Station,510,Mechanical
2567,Dundas College,506,Investigation
2568,Bathurst and Dundas,511,Mechanical
2569,Neville Loop,501,Mechanical
2570,Roncesvalles Dundas,505,Investigation
2571,Spadina Loop,510,Mechanical
2572,Spadina Loop,510,Mechanical
2573,Spadina Loop,510,Mechanical
2574,Spadina Loop,510,Mechanical
2575,Spadina Loop,510,Mechanical
2576,Spadina Loop,510,Mechanical
2577,Spadina Loop,510,Mechanical
2578,Dundas/Bloor,504,Held By
2579,Roncesvalles and Bloor,505,Held By
2580,Roncesvalles/Grenadier,504,Mechanical
2581,Bathurst Station,511,Utilized Off Route
2582,Humber Loop,501,Mechanical
2583,Spadina Loop,510,Mechanical
2584,Spadina Loop,510,Mechanical
2585,Humber Loop,501,Investigation
2586,Fleet and Bathurst,511,Mechanical
2587,Queen and Parliament,501,Held By
2588,Queen Parliament,504,Emergency Services
2589,College and Lansdown,506,Emergency Services
2590,Dundas west station,504,General Delay
2591,Dundas and Lansdown,505,Mechanical
2592,Main station,306,Investigation
2593,Russell Yard,501,Mechanical
2594,Queen and Dufferin,501,Mechanical
2595,Queen & Greenwood,501,Mechanical
2596,Humberloop,501,Investigation
2597,Gerrard and Parliament,506,Investigation
2598,humberloop,501,Mechanical
2599,Broadview and Danforth,505,Investigation
2600,Queen and Ossington,501,Investigation
2601,Dundas and Ossington,505,Investigation
2602,CNE Loop,511,Mechanical
2603,Broadview/Queen,504,Mechanical
2604,Neville park,501,Emergency Services
2605,Exhibition Loop,511,Mechanical
2606,Spadina & Willcocks,510,Mechanical
2607,Broadview STN,505,Investigation
2608,LongBranch,301,Mechanical
2609,LongBranch,501,Mechanical
2610,High Park Loop,506,Mechanical
2611,Broadview Station,504,Investigation
2612,Bathurst Station,511,Investigation
2613,Greenwood & Queen,501,Mechanical
2614,Dundas and Parliament,505,Investigation
2615,King/Queen,504,Mechanical
2616,Bathurst station,511,Mechanical
2617,High Park Loop,705,Investigation
2618,King/Roncesvalles,504,Mechanical
2619,College and Spadina,506,Investigation
2620,Gerrard and Coxwell,506,Investigation
2621,Queen and York,501,Diversion
2622,Main and Danforth,506,Held By
2623,Dundas West Station,505,Mechanical
2624,Broadview and Wolfrey,505,Mechanical
2625,Long Branch Loop,301,Mechanical
2626,Dundas Parliament,505,Investigation
2627,Bathurst & King,511,Diversion
2628,College and Ossington,506,Held By
2629,College and Bathurst,506,Investigation
2630,Sunnyside Loop,504,Mechanical
2631,Spadina & Queensquay,510,Utilized Off Route
2632,Spadina & Queensquay,510,Utilized Off Route
2633,Duffrin and Queen,501,Mechanical
2634,Lake Shore and Islington,501,Investigation
2635,Queen and Soho,501,Emergency Services
2636,CNE Loop,511,Utilized Off Route
2637,Bathurst station,511,Utilized Off Route
2638,Dundas West Station,505,Mechanical
2639,Dundas West Station,504,Mechanical
2640,Neville Loop,501,Mechanical
2641,Dundas and Church,505,Mechanical
2642,Queen and Shaw St.,501,Mechanical
2643,Dundas W Station,505,Mechanical
2644,King & John,504,Emergency Services
2645,Ex loop,511,Mechanical
2646,Leslie Barns,506,Late Leaving Garage
2647,St Clair & Keele,511,Mechanical
2648,Queenand Leslie,501,Mechanical
2649,University and Queen,501,Mechanical
2650,Spadina STN,510,Mechanical
2651,KING AND DUFFERIN,504,Investigation
2652,Queen and Sorauren,501,Mechanical
2653,Sunnyside Loop,500,Investigation
2654,Bathurst and Harbord,511,Mechanical
2655,Fleet Loop,509,Mechanical
2656,Spadina and King,510,Mechanical
2657,Neville Park,501,Mechanical
2658,Broadview/Danfort,504,Held By
2659,Broadview   Dearbourne,505,Held By
2660,Gerrard Broadview,505,Mechanical
2661,Queen/Roncesvalles,504,Mechanical
2662,Dundas And Parliament,505,Mechanical
2663,Spadina & Queensquay,510,Emergency Services
2664,Fleet Loop,509,Emergency Services
2665,College and Parliament,506,Held By
2666,Queen and Bathurst,501,Investigation
2667,Main STN,550,Mechanical
2668,LESLIE AND LAKESHORE,510,Investigation
2669,Broadview & Dundas,505,Overhead - Pantograph
2670,Broadview & Dundas,504,Held By
2671,Neville Loop,501,Mechanical
2672,Neville Loop,501,Mechanical
2673,Neville Loop,501,Mechanical
2674,Queen and Carlaw,501,Held By
2675,Dundas Parliament,505,Overhead - Pantograph
2676,Spadina Loop,510,Utilized Off Route
2677,College Spadina,506,Mechanical
2678,Spadina Loop,510,Utilized Off Route
2679,Spadina Loop,510,Utilized Off Route
2680,Spadina Loop,510,Utilized Off Route
2681,Dundas East  Broadview,505,Mechanical
2682,Spadina Loop,510,Utilized Off Route
2683,Spadina Loop,510,Utilized Off Route
2684,Queens Quay and Reese,510,Mechanical
2685,Spadina Loop,510,Utilized Off Route
2686,Spadina Loop,510,Utilized Off Route
2687,King/Peter,504,Emergency Services
2688,Dundas and Yonge,505,Mechanical
2689,Roncy & Queen,504,Investigation
2690,Queen and Dufferin,301,Held By
2691,King and Sackville,504,Emergency Services
2692,King/Shaw to King/Parliament,504,Diversion
2693,Dundas Victoria,505,Investigation
2694,Dundas Sherbourne,505,Emergency Services
2695,Cne Loop,511,Utilized Off Route
2696,Spadina and King,510,Mechanical
2697,CNE Loop,511,Utilized Off Route
2698,Spadina Loop,510,Emergency Services
2699,Dundas and Parliament,505,Overhead - Pantograph
2700,Broadview STN,505,Mechanical
2701,Queen Ossington,504,Mechanical
2702,Queen St E and Connaught,501,Mechanical
2703,Humber Loop,501,Emergency Services
2704,Bathurst st and Lennox St,511,Mechanical
2705,Broadview Station,504,General Delay
2706,Neville Loop,501,Investigation
2707,Broadview Stn,505,Investigation
2708,Dundas & Bay,505,Investigation
2709,QueensQuay Smimcoest,509,Held By
2710,Bathurst Station,511,Mechanical
2711,Queen/Greenwood,501,Mechanical
2712,Bathurst and King Streeet,511,Utilized Off Route
2713,King/Dufferin,504,Investigation
2714,Bathurst and King Street,511,Utilized Off Route
2715,Humber Loop,501,Investigation
2716,College and McCaul,506,Emergency Services
2717,Exibition Loop,509,Investigation
2718,Dundas and Parliament,505,Investigation
2719,Basthurst and Bloor,511,Mechanical
2720,SUNNYSIDE LOOP,504,Mechanical
2721,SPADINA AND COLLEGE,510,Investigation
2722,Bathurst and Dundas,511,Held By
2723,Ferry Docks streetcar stop,509,Investigation
2724,Queens Quay Loop,510,Mechanical
2725,Greenwood and Queen,501,Held By
2726,Queen and Greenwood,506,Held By
2727,Main St Station,506,Held By
2728,High Park Loop,506,Investigation
2729,Spadina and dundas,510,Mechanical
2730,Queens Quay Loop,510,Mechanical
2731,Queens Quay Loop,510,Mechanical
2732,Queens Quay Loop,510,Mechanical
2733,Queens Quay Loop,510,Mechanical
2734,Queens Quay Loop,510,Mechanical
2735,Queen/Sherbourne,501,Investigation
2736,Queen/Sherbourne,501,Mechanical
2737,Dundas and River,505,Mechanical
2738,HUMBER LOOP,501,Investigation
2739,Quuensway / Queen,504,Investigation
2740,Dundas and Sherbourne,505,Emergency Services
2741,Broadview Gerrard,504,Diversion
2742,Gerrard and Broadview,505,Mechanical
2743,Dundas Sherbourne,505,Emergency Services
2744,Bathurst Dundas,511,Utilized Off Route
2745,Bathurst & St Clair,512,Overhead - Pantograph
2746,High Park Loop,506,Investigation
2747,Mt Dennis Garage,511,Late Leaving Garage
2748,Bathurst and Dundas,505,Overhead - Pantograph
2749,Queen and Carlaw,501,Held By
2750,St.Clair and Old Stock Yards Rd,512,Mechanical
2751,CNE,511,Mechanical
2752,Humber Loop,501,Utilized Off Route
2753,Queen and Woodbine,501,Mechanical
2754,Main Station,506,Mechanical
2755,Queen and Jarvus,501,Held By
2756,Dundas and Church,505,Held By
2757,CHURCH AND DUNDAS,501,Mechanical
2758,QUEEN AND CHURCH,501,Held By
2759,Dundas West Station,505,Mechanical
2760,Broadview & Gerrard,504,Diversion
2761,Gerrard and Broadview,506,Mechanical
2762,Dundas West Station,504,Mechanical
2763,Humber Loop,501,Emergency Services
2764,St Clair & Oakwood,512,Investigation
2765,King and Sumach,504,Investigation
2766,Distilery Loop,504,Investigation
2767,Exhibition Loop,511,Utilized Off Route
2768,Exhibition Loop,511,Utilized Off Route
2769,Queen and Shaw,501,Held By
2770,King and Queen,501,Mechanical
2771,Bathurst STN,511,Utilized Off Route
2772,Humber Loop,501,Utilized Off Route
2773,Queen and Shaw,501,Held By
2774,Queens Quay and Spadina,510,Held By
2775,Humber Loop,501,Utilized Off Route
2776,St. Clair and Via Itialia,512,Investigation
2777,Queen and Pape,501,Held By
2778,Dundas and Parliament,505,Mechanical
2779,SPADINA STATION,510,Mechanical
2780,SPADINA AND QUEENS QUAY,510,Mechanical
2781,QUEEN AND WHITE SQUIRREL WAY,501,Diversion
2782,WILSON GARAGE,501,Late Leaving Garage
2783,Exhibition Loop,511,Mechanical
2784,Bathurst Stn.,511,Mechanical
2785,Neville Loop,501,Mechanical
2786,Bathurst Station,511,Utilized Off Route
2787,Bathurst Station,511,Investigation
2788,Broadview  Gerrard,505,Overhead - Pantograph
2789,St clair/Lansdowne,512,Mechanical
2790,Longbranch Loop,501,Mechanical
2791,Spadina and Fort York,511,General Delay
2792,College and Lansdown,506,Mechanical
2793,Queen's Quay and Spadina,509,Emergency Services
2794,Bathurst and Queen,511,Utilized Off Route
2795,SPADINA AND QUEENS QUAY,510,Mechanical
2796,Dundas and Sherborne,505,Investigation
2797,Bathurst Stn.,511,Mechanical
2798,King & Jarvis,504,Mechanical
2799,Dundas Jarvis,505,Overhead - Pantograph
2800,Queen/Parliament,501,Held By
2801,Broadview/Malbrook,504,Mechanical
2802,Ronc at Queen,504,Late Leaving Garage
2803,Roncy at Queen,504,Late Leaving Garage
2804,Bathurst Station,511,Utilized Off Route
2805,CNE Loop,511,Mechanical
2806,King/Peter,504,General Delay
2807,St Clair/Northcliffe,512,Mechanical
2808,Humber Loop,501,Mechanical
2809,Spadina Loop,510,Mechanical
2810,Queen/Spadina,501,Mechanical
2811,CNE Loop,509,Mechanical
2812,Bathurst Station,511,Utilized Off Route
2813,Roncesvalles south of Howard Park,505,Investigation
2814,Roncesvalles Howard Park,504,Held By
2815,King Bathurst,504,General Delay
2816,King / Spadina,504,General Delay
2817,Queen just east of Degrassi,501,Investigation
2818,Dundas & Parliament,505,Mechanical
2819,Roncesvalles And Queen,504,Held By
2820,Dundas Street East  Sherbourne,505,Emergency Services
2821,Bathurst Station,511,Mechanical
2822,Gerrard Carlaw,506,Mechanical
2823,Bathurst Station,511,Utilized Off Route
2824,King/Yonge,504,Emergency Services
2825,Spadina Station,510,Mechanical
2826,Main STN,506,Mechanical
2827,College and Ontario,506,Investigation
2828,Queen/Carrol,501,Investigation
2829,King/Queen E,504,Emergency Services
2830,Longbranch,501,Investigation
2831,Lakeshore/13th,501,Mechanical
2832,Queens Quay and Spadina,510,Mechanical
2833,Queen/Kingston,501,Mechanical
2834,Bathurst Station,511,Utilized Off Route
2835,CNE Loop,511,Mechanical
2836,Bathurst Station,511,Mechanical
2837,Bathurst Station,511,Mechanical
2838,Neville Park,501,Mechanical
2839,Broadview Gerrard,304,Mechanical
2840,Dundas and Parliament,505,Overhead - Pantograph
2841,Queen and Bay,501,Mechanical
2842,Lansdowne Dundas,505,Mechanical
2843,McCaul  Grange Rd,705,Held By
2844,Dundas West Station,505,Mechanical
2845,Fort York and Spadina,511,Mechanical
2846,Roncesvalles/Marion,504,Mechanical
2847,King/Shaw,504,General Delay
2848,King/Shaw,501,Investigation
2849,Bathurst stn,511,Utilized Off Route
2850,Queen/Pape,501,Mechanical
2851,"Queensway, west of Roncesvalles",506,Investigation
2852,Spadina Station,510,Mechanical
2853,GREENWOOD AND QUEEN,501,Investigation
2854,Exhibition Loop,511,Utilized Off Route
2855,Main STN,506,Mechanical
2856,Bathurst Stn,511,Utilized Off Route
2857,Broadview Stn,505,Emergency Services
2858,Bathurst Stn,511,Utilized Off Route
2859,Parliament and Gerrard,506,Held By
2860,King and Yonge,504,Mechanical
2861,College and Bathurst,506,Investigation
2862,King/Portland,504,Mechanical
2863,Neville Loop,501,Mechanical
2864,Roncesvalles/Marion,504,Investigation
2865,Bathurst and College Street,511,Mechanical
2866,Queen/Woodfield,501,Investigation
2867,King / Roncesvalles,504,General Delay
2868,LONG BRANCH LOOP,501,Mechanical
2869,LONG BRANCH LOOP,501,Investigation
2870,Dundas West Station,505,Investigation
2871,Spadina Richmond,510,Mechanical
2872,Queen and Spadina,501,Investigation
2873,Bathurst STN,511,Mechanical
2874,Humber Loop,501,Mechanical
2875,Exhibition Loop,511,Mechanical
2876,Bathurst and Bloor,511,Held By
2877,Exhibition Loop,511,Utilized Off Route
2878,King Street and Close Avenue,504,Investigation
2879,Humber Loop,501,Utilized Off Route
2880,King and Strachan,504,Held By
2881,Humber Loop,501,Utilized Off Route
2882,Gerrard and Parliament,506,Diversion
2883,Humber Loop,501,Utilized Off Route
2884,Bathurst and Front,511,Utilized Off Route
2885,Main Station,506,Mechanical
2886,Humber Loop,501,Investigation
2887,Bathurst STN,511,Utilized Off Route
2888,Dundas and Church,505,Investigation
2889,Bathurst Station,511,Utilized Off Route
2890,Gerrard and Broadview,505,Mechanical
2891,Broadview Gerrard,504,General Delay
2892,Broadview Gerrard,504,General Delay
2893,Dundas and Roncesvalles,505,Emergency Services
2894,Bathurst and King,511,Utilized Off Route
2895,Dundas and University,505,Held By
2896,CHURCH AND QUEEN,501,Mechanical
2897,SUNNYSIDE LOOP,501,Held By
2898,Dundas and Parliament,505,Overhead - Pantograph
2899,Humber Loop,501,Emergency Services
2900,Bathurst and Wellington,511,Investigation
2901,Charlotte Loop,510,Mechanical
2902,Exhibition Loop,511,Mechanical
2903,Queen and Coxwell,501,Investigation
2904,EXHIBITION LOOP,509,Mechanical
